{
  "2070718865_checkmax": 1759568411.8464534,
  "2070718865_setphone": 1757910842.8969288,
  "926593138_setphone": 1757910097.267418,
  "926593138_checkmax": 1759460325.9934146,
  "5131460236_setphone": 1757960147.774708,
  "5131460236_checkmax": 1757960555.1065464,
  "6847635728_checkmax": 1759465914.4665554,
  "6847635728_setphone": 1759463308.6254313,
  "-1002601228734_checkmax": 1759469235.871529,
  "-1002601228734_setphone": 1759467274.4864478,
  "1670546823_setphone": 1759567963.3092747
}